{"cameraMode":{"drawMode":0,"name":"Shaded","section":"Shading Mode"},"sceneLighting":true,"audioPlay":false,"sceneViewState":{"showFog":true,"showMaterialUpdate":false,"showSkybox":true,"showFlares":true,"showImageEffects":true,"showParticleSystems":true},"in2DMode":false,"pivot":{"x":-2.772226333618164,"y":3.5241575241088869,"z":-2.109954833984375},"rotation":{"x":0.012944898568093777,"y":-0.9037902355194092,"z":0.027401365339756013,"w":0.4269140362739563},"size":14.291680335998536,"orthographic":false}